<?xml version="1.0" encoding="UTF-8"?>
<package packagerversion="1.4.2" version="2.0" xmlns="http://pear.php.net/dtd/package-2.0" xmlns:tasks="http://pear.php.net/dtd/tasks-1.0" xmlns:xsi="http://www.w3.org/2001/XMLSchema-instance" xsi:schemaLocation="http://pear.php.net/dtd/tasks-1.0
http://pear.php.net/dtd/tasks-1.0.xsd
http://pear.php.net/dtd/package-2.0
http://pear.php.net/dtd/package-2.0.xsd">
 <name>PDO_PGSQL</name>
 <channel>pecl.php.net</channel>
 <summary>PostgreSQL driver for PDO</summary>
 <description>This extension provides an PostgreSQL driver for PDO.
 </description>
 <lead>
  <name>Edin Kadribasic</name>
  <user>edink</user>
  <email>edink@php.net</email>
  <active>yes</active>
 </lead>
 <lead>
  <name>Ilia Alshanetsky</name>
  <user>iliaa</user>
  <email>iliaa@php.net</email>
  <active>yes</active>
 </lead>
 <lead>
  <name>Wez Furlong</name>
  <user>wez</user>
  <email>wez@php.net</email>
  <active>yes</active>
 </lead>
 <date>2006-05-01</date>
 <version>
  <release>1.0.2</release>
  <api>1.0.2</api>
 </version>
 <stability>
  <release>stable</release>
  <api>stable</api>
 </stability>
 <license uri="http://www.php.net/license">PHP</license>
 <notes>
This PECL release corresponds to PHP 5.1.3.

- Fixed bug #36727 (segfault in pdo_pgsql bindValue() when no parameters are
  defined). (Tony)
- Fixed bug #36382 (PDO/PgSQL's getColumnMeta() crashes). (Derick)
- Fixed bug #36176 (PDO_PGSQL - PDO::exec() does not return number of rows
  affected by the operation). (Ilia)
- Fixed prepared statement name conflict handling in PDO_PGSQL. (Thies, Ilia)
- repackage with package2.xml 
- Added PDO::pgsqlLOBCreate(), PDO::pgsqlLOBOpen() and PDO::pgsqlLOBUnlink().

You require PostgreSQL client libraries installed on the machine where you
intend to build and/or use this package.

If you are running on windows, you can download the binary from here:
http://pecl4win.php.net/ext.php/php_pdo_pgsql.dll
 </notes>
 <contents>
  <dir name="/">
   <file name="config.m4" role="src" />
   <file name="config.w32" role="src" />
   <file name="CREDITS" role="doc" />
   <file name="pdo_pgsql.c" role="src" />
   <file name="pgsql_driver.c" role="src" />
   <file name="pgsql_statement.c" role="src" />
   <file name="php_pdo_pgsql.h" role="src" />
   <file name="php_pdo_pgsql_int.h" role="src" />
  </dir> <!-- / -->
 </contents>
 <dependencies>
  <required>
   <php>
    <min>5.0.3</min>
   </php>
   <pearinstaller>
    <min>1.4.0</min>
   </pearinstaller>
   <package>
    <name>pdo</name>
    <channel>pecl.php.net</channel>
    <min>1.0.3</min>
    <providesextension>PDO</providesextension>
   </package>
  </required>
 </dependencies>
 <providesextension>PDO_PGSQL</providesextension>
 <extsrcrelease />
</package>
